Feature_Set,Model,R2_Mean,RMSE_Mean,MAE_Mean
Remove Volume,SVR,0.9566347225264249,0.0018789485595364357,0.001390487983656672
Remove Flow,SVR,0.9563428001280394,0.001884989764476868,0.0013952551414639965
Remove Hemicellulose,SVR,0.9557479688434704,0.0018967058125120104,0.0014102895581900791
All Features,SVR,0.9501122972909528,0.002013857908524785,0.0014771005716643284
Remove Cellulose,SVR,0.938430479048904,0.002244570368241059,0.0016071153354704857
Remove Volume + Flow,SVR,0.4112051220888072,0.00691684471116389,0.004484864347273944
Remove Volume,XGBoost,0.9523050196785092,0.001977006876237174,0.0012794801231674796
Remove Hemicellulose,XGBoost,0.9522506491733512,0.0019802558281460146,0.0012911217059524433
Remove Flow,XGBoost,0.9511961170810114,0.0020010636098430658,0.0012974137603899212
All Features,XGBoost,0.9509380583202777,0.002004493967016409,0.0012934874226810521
Remove Cellulose,XGBoost,0.9495470778658184,0.0020310658431525997,0.0013111375791371735
Remove Volume + Flow,XGBoost,0.7702066123449256,0.004332434360923718,0.002431360706827726
