Feature_Set,Model,R2,RMSE,MAE
Flow + HRT,XGBoost,0.9547025494347029,0.0019277475288888772,0.0012358782057465623
Flow + HRT,SVR,0.9566347225264243,0.001878948559536445,0.0013904879836568091
Volume + HRT,XGBoost,0.9531517832854568,0.0019583181766644345,0.0012547056641957512
Volume + HRT,SVR,0.9563428001280421,0.0018849897644768166,0.0013952551414638614
Flow Only,XGBoost,0.9532005317300689,0.0019595777842860546,0.0012869285863947163
Flow Only,SVR,0.9643076435196439,0.0017025580433201882,0.001237505434265572
Volume Only,XGBoost,0.9519939094813367,0.0019844487435359084,0.0012896472163568765
Volume Only,SVR,0.9581951652098736,0.0018422287424519977,0.001313759816810965
Flow + Volume + HRT,XGBoost,0.9534750239240394,0.0019511465300816404,0.0012576670910212548
Flow + Volume + HRT,SVR,0.950112297290955,0.002013857908524757,0.001477100571664319
