Actual,Predicted
0.01,0.01141141029868551
0.01,0.010046555081269061
0.01,0.009999999999999834
0.01,0.010029534076686582
0.01,0.009999999999999837
0.01,0.010013885571021407
0.01,0.010004293119400558
0.01,0.009999999999999834
0.01,0.013336001615739387
0.01,0.010171635504914737
0.01,0.009999999999999834
0.01,0.009999999999999837
0.01,0.010027597203921792
0.01,0.009999999999999834
0.0149239735823005,0.023739382938967116
0.01,0.009999999999999846
0.01,0.009999999999999844
0.01,0.010098474403351
0.01,0.009999999999999839
0.01,0.009999999999999837
0.01,0.011573912585982405
0.01,0.009999999999999834
0.01,0.010022211587063987
0.0115114375239323,0.013788280038195173
0.0270290619891851,0.021125423280665485
0.01,0.010036353686883787
0.0230555416986807,0.01932730815744478
0.01,0.009999999999999834
0.0394339168388668,0.04449924774260553
0.01,0.011065538542452761
0.01,0.010172914568960759
0.0452390729028082,0.040436340740211366
0.01,0.009999999999999834
0.0139526186956277,0.017714100094166733
0.0195002725744231,0.01529603530695199
0.0233956316516759,0.02206594367766969
0.01,0.009999999999999834
0.01,0.01011845904488289
0.0233779429317745,0.020428489378660538
0.01,0.009999999999999834
0.0132242788850556,0.01788988273397794
0.0174114621397104,0.011606230543209795
0.01,0.013303982608563164
0.0454987174342115,0.04145381185575668
0.01,0.01155093096092505
0.0355625144049439,0.03964065829421069
0.01,0.010000213512510313
0.01,0.009999999999999837
0.01,0.011066041233004049
0.0242461521802522,0.018316560480680057
0.01,0.009999999999999856
0.01,0.010991884373091758
0.01,0.009999999999999837
0.01,0.009999999999999856
0.0126902363409679,0.014424799773335
0.01,0.009999999999999839
0.0251488712620146,0.022916695150552925
0.01,0.009999999999999844
0.01,0.010082121835902102
0.01,0.011134333465109716
0.01,0.009999999999999834
0.0163620391666836,0.017656590043760564
0.0391931420886636,0.04010131648263925
0.01,0.01076216586269669
0.01,0.01021796912624933
0.01,0.010281428434387273
0.01,0.01576309383714954
0.0155804840236599,0.016178108440986504
0.0232869701997269,0.030165904873566202
0.0488772611048464,0.039649905560756815
0.01,0.010079454557201654
0.01,0.011514591781624716
0.01,0.010639082528321374
0.0137429898157118,0.012420672653608567
0.01,0.010205433076685618
0.01,0.010016937172608088
0.0142305213778611,0.016644006820453146
0.01,0.009999999999999837
0.01,0.009999999999999837
0.0146122585208256,0.0137667328585743
0.01,0.010065507854690339
0.01,0.01000470425734269
0.0211748949456921,0.0234079283281851
0.0169322952391941,0.02084848042139794
0.01,0.012029196981570206
0.01,0.010274369487548063
0.01,0.009999999999999834
0.0198453887255067,0.02191851752613249
0.01,0.010031159900598838
0.01,0.009999999999999834
0.01,0.010009725558752774
0.0133349479983283,0.013209227730300815
0.01,0.010013671812197327
0.01,0.010732833251321069
0.01,0.010299018112574887
0.0168419849504199,0.01895890818549684
0.0157138643228497,0.011707646952605788
0.0191116932079929,0.016288137840155207
0.0330233730647466,0.032960992293506845
0.0112998235331735,0.013169047152722229
0.01,0.010005410249948941
0.01,0.011702418911218381
0.01,0.010000150610455793
0.0119938136015882,0.016773524459437427
0.01,0.009999999999999844
0.0464129947469824,0.04418300288093005
0.0163727385041102,0.011243672118274
0.01,0.009999999999999844
0.01,0.010029182807350162
0.01,0.00999999999999984
0.01,0.009999999999999834
0.0376335852816376,0.029604586994297636
0.01,0.010229045625468924
0.01,0.011158775967267668
0.01,0.010261948387389766
0.01,0.009999999999999844
0.01,0.01011497101692521
0.0268794398399097,0.025217036403491037
0.01,0.011691593105332467
0.01,0.010056522379071222
0.0388848520110061,0.035028400527874134
0.01,0.010020479452483648
0.01,0.009999999999999834
0.01,0.010707384870844642
0.01,0.009999999999999834
0.01,0.01002225597781983
0.01,0.010862028772881307
0.0191605756761033,0.022032432100260343
0.0238289918042142,0.02440196367930917
0.01,0.009999999999999834
0.0221596052341677,0.017128691470271854
0.01,0.010242415238279897
0.01,0.009999999999999834
0.01,0.009999999999999837
0.01,0.009999999999999834
0.0201961931737229,0.0208897687593343
0.01,0.010031252330950733
0.01,0.009999999999999834
0.0100667792032127,0.012000103626157348
0.0146291609406571,0.01601836241385621
0.0152196420068909,0.013554513644786957
0.01,0.011719627474624718
0.0327224454130505,0.030786205033819736
0.01,0.010453912401030174
0.02656947874238,0.026673049213369188
0.0114082849659586,0.012000669454973833
0.0322198331505621,0.026869902837922194
0.01,0.01003642042701857
0.01,0.009999999999999834
0.01,0.01032346996643615
0.0144179932732363,0.017631340426507318
0.01,0.010019874210856497
0.0257639028880571,0.02047759666977777
0.01,0.011002961318738456
0.0196327492797099,0.023046024506642178
0.0553099459108418,0.04219321106861081
0.01,0.011756457741548522
0.01,0.012241146300659582
0.0216136359841278,0.02074526141678779
0.01,0.010239093329055574
0.01,0.009999999999999834
0.01,0.010013959260167323
0.01,0.009999999999999834
0.01,0.010010056094731158
0.01,0.010379083580648684
0.0171696192298601,0.017567375994486857
0.01,0.010568829093317928
0.01,0.010593313914066576
0.01,0.010440174299396471
0.01,0.010206273105555894
0.01,0.011016582950809914
0.01,0.009999999999999875
0.0184922215086025,0.01900889982676961
0.0244175302274351,0.016518811306263818
0.01,0.010005764837782847
0.01,0.009999999999999834
0.0307718569782903,0.02494533062309799
0.0104177866078448,0.010345152825453521
0.0131677477831166,0.012278672091350406
0.01,0.01001106425708406
0.01,0.011989345911513578
0.01,0.010132527925681941
0.01,0.009999999999999834
0.01,0.015596735882820213
0.0265546413194253,0.0233776764580376
0.01,0.009999999999999844
0.0321956878271719,0.023486145251732128
0.01,0.009999999999999834
0.0172971049458061,0.013619808461843828
0.01,0.011700921697764296
0.01,0.01034845326478847
0.01,0.010478368772883636
0.01,0.009999999999999834
0.01,0.011549831038023095
0.01,0.010374400551691323
0.01,0.01323488588300999
0.01,0.010041542683976647
0.0111237420571799,0.013208625992168571
0.01,0.009999999999999834
0.0178292824740227,0.014939291222373318
0.0187042965587185,0.02066505698944009
0.01,0.013401727499256865
0.0169195549677877,0.012383520740209191
0.01,0.009999999999999834
0.01,0.00999999999999986
0.01,0.009999999999999834
0.01,0.011930253749980744
0.0144559047534542,0.01294243125905293
0.01,0.0105618729394706
0.0202851757268887,0.01672209291186951
0.01,0.009999999999999834
0.01,0.010034306964456749
0.01,0.011008473191440564
0.01,0.010058935808781271
0.0108522214530316,0.014851611089494697
0.0147307945220372,0.015071292361940405
0.01,0.009999999999999834
0.01,0.00999999999999985
0.01,0.016032164044930696
0.01,0.009999999999999834
0.0335801733629632,0.0351546840786805
0.01,0.010940327750923908
0.01,0.010002135125104658
0.01,0.009999999999999834
0.0182475674272191,0.01635927812150609
0.01,0.010243329981219261
0.01,0.01105803491400215
0.0248146120521817,0.01608867401127486
0.01,0.009999999999999834
0.01,0.010022214789128582
0.01,0.010987429290068903
0.0489612903363145,0.043977076754507516
0.01,0.011212415892500962
0.0519277738759669,0.04880948622906829
0.0164351532246983,0.020378239995573404
0.0254007327855273,0.019794755480726397
0.016370009201625,0.01751721060621679
0.01,0.010000721292528282
0.0106481942799316,0.009999999999999848
0.01,0.009999999999999834
0.01,0.010085812337043467
0.01,0.011145706857029323
0.0228494999930295,0.025228702092677472
0.01,0.009999999999999834
0.01,0.010331631978426003
0.01,0.013021392182549947
0.0173702168605282,0.01870961525353081
0.01,0.009999999999999834
0.01,0.009999999999999834
0.0108557703702316,0.011000470821906524
0.01,0.010030903181236592
0.01,0.010046686733911774
0.01,0.009999999999999834
0.01,0.009999999999999834
0.01,0.009999999999999834
0.01,0.010303655073831606
0.01,0.011112567965502616
0.01,0.009999999999999834
0.01,0.009999999999999834
0.0153289839833871,0.011291942175387065
0.01,0.010063681863742251
0.013527564282375,0.013786269046172943
0.0165296968440829,0.019826618966246122
0.01,0.010097054952334577
0.01,0.009999999999999834
0.01,0.010051257574367877
0.021144659493198,0.016812501625943537
0.01,0.010152235681043625
0.0494351503098956,0.04608512886777282
0.0124833042995038,0.01694747829272891
0.01,0.011128065097447942
0.01,0.010210881928311665
0.01,0.01354084820540753
0.025256450706029,0.032037744868155714
0.01,0.012635355897713491
0.0283211181904598,0.029421853099489165
0.0116467563944787,0.012361438297968784
0.01,0.010299219810785578
0.01,0.009999999999999837
0.0460088509347268,0.04884520464254424
0.0183305367722662,0.01679993462328298
0.0237883366600123,0.023007929505202238
0.0202788677654585,0.023435118873925343
0.0126803968731942,0.015943981100790348
0.01,0.009999999999999837
0.0507816912405482,0.03964891080747387
0.0191528051687817,0.017180141859377558
0.0405068286569544,0.033219532922874814
0.01,0.009999999999999834
0.0159044394605448,0.013841686428365951
0.01,0.010022412761103144
0.01,0.010022654505398248
0.01,0.009999999999999834
0.01,0.010187277290634249
0.01,0.009999999999999834
0.01,0.01131679977150856
0.013871960786654,0.012403462575639727
0.01,0.010850600536811151
0.0279082005789496,0.029264456865947946
0.0173932248462832,0.023294232609964972
0.01,0.009999999999999834
0.01,0.010072407082163615
0.0107105793599457,0.012399193505456327
0.01,0.010044433610795125
0.0177188837098203,0.024655789625217316
0.01,0.009999999999999834
0.01,0.010041514801503896
0.0111491654378438,0.010997324901562872
0.01,0.009999999999999834
0.01,0.010669961114480818
0.01,0.010023157682901967
0.0127031125410233,0.01815309813919716
0.0165220753628705,0.018262409128817894
0.01,0.011665334075247422
0.0183204079823592,0.014834454846168351
0.01,0.010010162868914686
0.01,0.011621397386174752
0.0166331616897914,0.015877941597463283
0.0302234883651535,0.0322656069548256
0.01,0.009999999999999834
0.01,0.009999999999999834
0.0100700909134051,0.010400037200156313
0.01,0.009999999999999848
0.0101901734344598,0.014757760414784236
0.01,0.009999999999999834
0.01,0.009999999999999834
0.01,0.009999999999999834
0.01,0.01012055300142093
0.01,0.01050966772402383
0.043536871356249,0.034082678358986644
0.01,0.010390412921878332
0.01,0.010004918481435135
0.0115364627207307,0.012015859510171827
0.0400877008153688,0.042211236940233585
0.0121850511500862,0.013548353327343896
0.0139934264050222,0.015503196510638277
0.0101458721585433,0.013334026129011172
0.01,0.010210632573475521
0.01,0.011500561435137826
0.0225652224548836,0.024399001019779095
0.01,0.011667498302184495
0.0178179046608322,0.013920406822801554
0.02873271161334,0.02350994325418023
0.01,0.012358004119668585
0.01,0.010793685071363995
0.01,0.011022227929757652
0.01,0.009999999999999834
0.01,0.01304632890423932
0.01,0.011144681986853741
0.0143009262328016,0.01779043765036772
0.0127929542189451,0.014855134889892112
0.01,0.009999999999999846
0.046531760739717,0.043213234244776036
0.01,0.010670049894897293
0.01,0.013598228176899988
0.01,0.01003766472257422
0.0360801338571618,0.028853943564398087
0.0307804467603025,0.033878090724193836
0.01,0.010421688075706332
0.01,0.011494393522294269
0.01,0.011021833459101928
0.01,0.009999999999999834
0.01,0.01003688410837786
0.01,0.015213384789824166
0.01,0.011270710846039632
0.0168115755265249,0.017555278841796966
0.0123024632117148,0.014118081533736882
0.0104049480092087,0.014681920386365071
0.01,0.009999999999999834
0.01,0.01011241100311243
0.01,0.009999999999999846
0.01,0.010011364483981981
0.01,0.009999999999999834
0.0145834600574191,0.016415112723586076
0.0130845587568669,0.014868356093798357
0.0110940947577832,0.012582569415440318
0.01,0.009999999999999846
0.0448610271888893,0.03464087732301719
0.01,0.010754901808690528
0.01,0.009999999999999834
0.0201230092203194,0.014221539127647615
0.01,0.009999999999999834
0.057584676774145,0.049375179030595545
0.0238859480273924,0.02780393655313345
0.0154680361438755,0.014186133527265915
0.01,0.009999999999999848
0.0169657059297984,0.01723697338029935
0.0141389950797514,0.012859235286495284
0.0160192828710317,0.015456142628094941
0.0105997229094538,0.012058439305501836
0.01,0.009999999999999834
0.0127849677593118,0.01650250957703456
0.0196039114506843,0.01567382401031877
0.0325560816408894,0.02911786638898752
0.01,0.010132246550551262
0.0154599552741627,0.016080802036736355
0.01,0.009999999999999834
0.01,0.009999999999999834
0.01,0.011988837310148031
0.0391397663760183,0.033311412614677446
0.01,0.012504184870443656
0.01,0.010135786152058774
0.01,0.009999999999999834
0.01,0.010010498917603267
0.01,0.009999999999999834
0.0183827833229701,0.014214087914678332
0.0173784666249225,0.01179314505241742
0.01,0.009999999999999834
0.0116614828556199,0.013158875543672361
0.0154865182889199,0.02010666068662462
0.01,0.010055026554740661
0.01,0.011598303400660918
0.011730641121627,0.010389378857371494
0.01,0.009999999999999834
0.01,0.01155446449209921
0.01,0.009999999999999834
0.01,0.01023297339445845
0.0226523810499264,0.030109488749520325
0.0260055741248411,0.020942735224430926
0.0379287419863791,0.03813261992911915
0.01,0.01004382253137973
0.01,0.00999999999999985
0.01,0.010684392905964636
0.01,0.010121381121579443
0.0159133773168711,0.014754365934857024
0.01,0.01069666271328962
0.01,0.01029535583197656
0.01,0.009999999999999839
0.01,0.009999999999999834
0.01,0.009999999999999834
0.0139155744781821,0.01307131880370222
0.01,0.010973696917114287
0.01,0.009999999999999834
0.01,0.010003039407723386
0.0480290015967583,0.04796045946378097
0.01,0.010014321302825188
0.01,0.011639501072235728
0.01,0.011094339826369126
0.0201588172599502,0.022237116663156756
0.0336403887727966,0.03238209002966206
0.01,0.01056274261942305
0.01,0.009999999999999837
0.0182006701852486,0.014134714231344318
0.01,0.01130499444300731
0.01,0.012838418076662724
0.01,0.01011613296556911
0.0241786561964728,0.02322396538248804
0.01,0.011059061944916479
0.0194810196003188,0.01868467326156483
0.01,0.010399521288731775
0.01,0.011776888970262557
0.01,0.010478964451180194
0.01,0.009999999999999834
0.01,0.009999999999999834
0.01,0.009999999999999834
0.0126702017890996,0.018381232588869485
0.01,0.010180196074020731
0.0146368802849979,0.013199118023338402
0.01,0.015715459524009268
0.01,0.009999999999999834
0.01,0.009999999999999846
0.01,0.009999999999999834
0.0228294170462105,0.02279142149009377
0.01,0.01047845075807315
0.0131217506283222,0.011634554674752487
0.01,0.009999999999999834
0.01,0.010892639698348205
0.01,0.010261202795919185
0.0248863101984338,0.014865507410594827
0.0173743280064436,0.02464685033667347
0.0104187750986885,0.012269690330595715
0.01,0.010445266673984226
0.01,0.010115413290869388
0.01,0.009999999999999834
0.011265114359402,0.012328751225346256
0.01,0.010023802575077
0.0111574049561152,0.01441103630145734
0.0192377392942372,0.02578014251062205
0.01,0.010000213512510315
0.01,0.009999999999999837
0.01,0.010622001094749195
0.01,0.010293985090428443
0.0110762696354135,0.010836652965829132
0.01,0.0100045833518489
0.0194944974272911,0.02162522735985097
0.0154303946002233,0.012072150260233108
0.01,0.009999999999999834
0.01,0.009999999999999834
0.0389348334574285,0.030321060274765003
0.01,0.009999999999999844
0.01,0.009999999999999834
0.01,0.010105440534352443
0.01,0.010201623387674982
0.0106943180225298,0.011633226651667605
0.01,0.012886747636831643
0.0177359958077671,0.021605485274623065
0.01,0.011631227424561526
0.0161774621367435,0.01633505502317366
0.0176215895720212,0.015588969454752598
0.0360686706749994,0.03255301524481187
0.01,0.01008669605269706
0.0562013599144228,0.046165171439470284
0.01,0.009999999999999834
0.0108629692063903,0.012826574682422811
0.0399496405481466,0.03475385195972159
0.0136098603274308,0.016413634828754388
0.0317112992934517,0.03374520148783938
0.0107777283177556,0.012586327744696306
0.0336942130328556,0.026479641377307257
0.01,0.009999999999999834
0.0241287743889657,0.02149707877634564
0.0114222004950225,0.014939445049310355
0.0113663854813542,0.015396376991730536
0.0170432006982096,0.01387261467492212
0.01,0.010000035688289697
0.0141947586127606,0.011305268839422978
0.01,0.010193312302137082
0.01,0.009999999999999834
0.01,0.009999999999999837
0.01,0.010002075280917948
0.01,0.010008572859285513
0.01,0.009999999999999834
0.0237674472415278,0.015274831392573235
0.0121046679127651,0.011678836381255513
0.01,0.01031597629491918
0.0190783219857774,0.014545576254475409
0.0202062234538442,0.019663879498778233
0.01,0.010023975603719109
0.01,0.009999999999999834
0.0275828365156614,0.02132882089544861
0.01,0.01167942631024546
0.01,0.010011138791086218
0.01,0.009999999999999837
0.01,0.01079759333492059
0.01,0.009999999999999848
0.0117963625642262,0.013959278604999908
0.01,0.011292591612093474
0.01,0.009999999999999834
0.0421033264527898,0.03680697542192513
0.0149871917795001,0.01367370721204129
0.0124561998749683,0.01083159474301257
0.0210293198541606,0.013658718852238226
0.01,0.009999999999999846
0.0281601039575127,0.027372337296091207
0.01,0.010723630956368349
0.01,0.009999999999999834
0.01,0.00999999999999984
0.01,0.010430118180890763
0.01,0.01089691442304109
0.01,0.009999999999999834
0.01,0.009999999999999834
0.01,0.011457326595398849
0.01,0.009999999999999834
0.01,0.010010820499898076
0.01,0.010255171271310589
0.01,0.010133805354864007
0.01,0.009999999999999834
0.0244912937181658,0.01691550511645746
0.01,0.0117514728316788
0.01,0.010004630788234907
0.01,0.011240299452940776
0.01,0.009999999999999834
0.01,0.01241326681573066
0.01,0.009999999999999846
0.01,0.015310635013402057
0.01,0.009999999999999834
0.01,0.009999999999999834
0.01,0.012208899209031072
0.0223652274060974,0.019528552786696067
0.0178476793604934,0.01900368822921211
0.0455995502031729,0.03631364196123809
0.01,0.009999999999999844
0.01,0.011274926032177085
0.01,0.010778010798187389
0.0578782762125346,0.05760768217160719
0.0111822263753179,0.016225888871556616
0.0289955691194249,0.0217825774056152
0.01,0.010842375498341798
0.0129397082444837,0.017118420222709083
0.0146419437144702,0.01864343125550715
0.01,0.012062895110048199
0.01,0.010037188789436628
0.0310077622999913,0.028712304315316958
0.01,0.012368642085918688
0.01,0.009999999999999837
0.01,0.01069665850478298
0.01,0.011075473220113263
0.0192516507341966,0.018061946133722268
0.01,0.010319869440688358
0.01,0.009999999999999837
0.01,0.010521848414276279
0.017166364769206,0.01470248220222375
0.01,0.009999999999999834
0.013475615774463,0.014328453279288882
0.01,0.010244636243301956
0.01,0.0104439860563348
0.0130522017879672,0.013191092221639264
0.01,0.01012432923598025
0.01,0.011626232574931093
0.016700254805934,0.011797118863351096
0.0101660699087998,0.010714722990432985
0.01,0.01004155598777373
0.01,0.010236429115511906
0.01,0.009999999999999844
0.01,0.010001861768407463
0.01,0.010318028101558687
0.0277208804216287,0.02377209973302742
0.01,0.010935445342091404
0.01,0.011197969403907534
0.01,0.011079277478744575
0.0163875594953329,0.019190239167218192
0.01,0.010008133688463944
0.01,0.011021192948902088
0.0307065892621352,0.029893929670094452
0.01,0.010806005081033554
0.0134683358526919,0.013326240693158528
0.01,0.010248885217869807
0.0159961171978103,0.011664245920886702
0.01,0.010045719391511165
0.01,0.010083147408917213
0.01,0.010259979085858389
0.01,0.010034272188306293
0.0120755204796649,0.012161631497510745
0.01,0.010001163858628351
0.01,0.01020346640378546
0.0174735056606202,0.017031302395765998
0.0106170595021336,0.011906036344357676
0.01,0.010106349615427081
0.0238064740937771,0.02580918715241131
0.01,0.012328241848564734
0.0281300473581411,0.02537298928839885
0.01,0.009999999999999834
0.0196196097141848,0.013730519141296195
0.0309162655125284,0.02310666033529325
0.01,0.01014537726763378
0.0300213578119753,0.03125625362859401
0.0265890700755664,0.023920691721495996
0.0119037316492729,0.011887711347629854
0.01,0.013621269160769838
0.0212729866190397,0.01985076555245048
0.015821968319407,0.015368411501230469
0.01,0.009999999999999834
0.01,0.009999999999999834
0.01,0.011072224727593985
0.01,0.010510253342937963
0.01,0.010003591287223848
0.01,0.009999999999999844
0.0150717785569761,0.016385240417985853
0.01,0.011366241753744398
0.0174016941983484,0.016207259661920666
0.01,0.01013085241102357
0.01,0.009999999999999834
0.0348749818117209,0.032200305840188646
0.0133316364702985,0.015473215474938134
0.01,0.009999999999999834
0.01,0.010147539121514847
0.01,0.010547131106163144
0.01,0.009999999999999848
0.01,0.010126334663735893
0.01,0.010663714033902183
0.01,0.010468045120948474
0.01,0.009999999999999844
0.0158503020895427,0.01374174772892588
0.01,0.009999999999999844
0.0285359620023845,0.026018315767650367
0.01,0.010330689439577484
0.01,0.009999999999999834
0.01,0.01360657647063525
0.010390508915111,0.011432069000309047
0.01,0.009999999999999854
0.01,0.010506288000548739
0.01,0.01076496882278811
0.0336649644437639,0.026021977912616494
0.0429478226291668,0.037995120552446436
0.0164821512211002,0.014323369185672619
0.01,0.012814487923917343
0.014904757558125,0.013007533685454
0.0602236777782535,0.04670542341125543
0.0134608683208566,0.012124016290889095
0.01,0.010392091959964362
0.0144752017989719,0.017199901405086353
0.01,0.00999999999999986
0.01,0.009999999999999834
0.0209758516530907,0.020149630154051
0.0730419071356614,0.06367513966758344
0.0148103472226542,0.011943743426939662
0.0186854505405422,0.020878077548312047
0.01,0.0103632924502078
0.01,0.010311586928347346
0.01,0.010469820067509532
0.024567393022119,0.019134307821588453
0.01,0.009999999999999834
0.01,0.009999999999999834
0.01,0.01226230744044065
0.052887279951945,0.05086158549297672
0.0148313244799492,0.012595240105368315
0.0129056127642732,0.012427186708744781
0.01,0.01033828085117259
0.0186963263261829,0.021674150391708485
0.01,0.010090127568912316
0.01,0.010164103742299058
0.0111694909289442,0.010082984858300961
0.01,0.01068597502787461
0.01,0.009999999999999834
0.0250725209976257,0.023418847712630204
0.0153612836049441,0.01452425164111919
0.01,0.012558976234407809
0.01,0.009999999999999834
0.01,0.009999999999999842
0.01,0.010044756253328983
0.0172694463924174,0.01695467619144519
0.01,0.010059483615806858
0.01,0.011453624923179279
0.01,0.010000213512510315
0.0314924688166704,0.02728350473310453
0.01,0.009999999999999834
0.0187746939628085,0.01898163910581353
0.01,0.012398612153829735
0.01,0.01002985088166073
0.01,0.010063084358043324
0.01,0.01048172500443522
0.0351846417741591,0.03853125514254236
0.01,0.010541170223360955
0.0176562820622833,0.01930606834496525
0.01,0.011186866705026447
0.01,0.011842679195119995
0.019075692396109,0.016660324161701507
0.01,0.01312533672307125
0.01,0.009999999999999834
0.01,0.009999999999999834
0.01,0.009999999999999853
0.01,0.014698377195565151
0.0448471896829367,0.03101626370828054
0.01,0.010507768276895679
0.01,0.011335159059389616
0.01,0.011391001433532182
0.01,0.010810210270242503
0.0209698606639828,0.018444337151303943
0.0185031988454691,0.01737485409321282
0.0228878660482783,0.022776559714707354
0.01,0.009999999999999834
0.01,0.009999999999999834
0.0247164201137303,0.025529928863709427
0.01,0.009999999999999834
0.01,0.010027201540164479
0.01,0.009999999999999846
0.01,0.010214635696912683
0.0107025911206756,0.011540591788520274
0.01,0.010247674829438311
0.01,0.010024046549209291
0.0391824540933057,0.03566045309537847
0.01,0.009999999999999837
0.0145542203055707,0.013384803315953318
0.0174866950810107,0.01653835255349386
0.0181591503749354,0.014623557575240925
0.0100332352875983,0.010299262137969993
0.0370195393350481,0.026454585622636462
0.01,0.009999999999999834
0.01,0.00999999999999985
0.01,0.009999999999999844
0.01,0.011680727933836014
0.01,0.01015196748945413
0.01,0.010196986969950368
0.0129378271445133,0.014572098813913078
0.01,0.010042123572425269
0.0101064790058555,0.011928021710635867
0.01,0.010176646022916874
0.01,0.009999999999999834
0.01,0.010241223987658385
0.0624031294610272,0.05054492014366006
0.0267369682340304,0.022268590872045965
0.01,0.009999999999999834
0.0164119344629081,0.011009188570880452
0.01,0.010474000082672437
0.01,0.009999999999999837
0.0231878165063148,0.019157022870605948
0.0299621530400022,0.03860490115043554
0.01,0.010004773767608293
0.0132378522409907,0.01995227524304705
0.01,0.010347710541019082
0.0159276504056087,0.017058296326277957
0.01,0.010629287605503761
0.01,0.010004773767608282
0.012279931140967,0.014473946670556603
0.01,0.010197418077860617
0.0103335102426475,0.010083734309201215
0.01,0.009999999999999834
0.0136280850179945,0.014280287051539354
0.01,0.010017053051317336
0.0174049346617159,0.017811154778729226
0.01,0.010012737613228835
0.0195323610112088,0.016208914815526186
0.01,0.01047352674708853
0.01,0.01000188777202826
0.0132755194684,0.013424016810565044
0.01,0.011428564529573023
0.01,0.009999999999999834
0.0113479300295785,0.01163025936352146
0.01,0.011097581183732733
0.01,0.010505598606181245
0.01,0.010494089110755396
0.01,0.010056945777783667
0.01,0.01619704052286947
0.01,0.010330167111765567
0.01,0.010005164861090762
0.01,0.009999999999999834
0.01,0.01185063975913379
0.0118179239098589,0.010356754479899187
0.01,0.010001591255869321
0.029671868179611,0.031453785788832594
0.0436198610949466,0.0355733572086766
0.01,0.010823953034496224
0.01,0.011290050366670653
0.01,0.011518358321686158
0.01,0.011525376589225896
0.01,0.00999999999999986
0.0150837928889597,0.01352716800807536
0.0140981825987795,0.011723241600219697
0.01,0.009999999999999834
0.01,0.009999999999999834
0.01,0.011471282795653338
0.01,0.009999999999999837
0.01,0.010673148542490735
0.0104179830438216,0.01127844102119823
0.0108643510306957,0.013420746028289488
0.0212318882816922,0.02228469928516957
0.01,0.009999999999999834
0.012957586727946,0.013159860516973702
0.0144242816847916,0.014864708506002383
0.01,0.009999999999999834
0.017674980022487,0.02024252554307286
0.01,0.01001336377002674
0.01,0.009999999999999844
0.01,0.010190423415011758
0.0265612727907044,0.025403638366852947
0.01,0.009999999999999834
0.01,0.010406659801941873
0.01,0.009999999999999834
0.01,0.009999999999999834
0.0429304599963272,0.02865896017115143
0.01,0.009999999999999844
0.0155095089416239,0.016831867399554373
0.01,0.010028478591472972
0.01,0.009999999999999834
0.01,0.009999999999999842
0.0149682714338482,0.013375099852289872
0.0169519079531741,0.014428920225080775
0.01,0.010147737191315736
0.01,0.009999999999999834
0.01,0.009999999999999834
0.01,0.010167069315817364
0.01,0.009999999999999867
0.0224750350699886,0.019488218241821023
0.01,0.010114395661871074
0.0119566787007781,0.015995269745632288
0.0214763504348299,0.027050785347025604
0.01,0.011098227016875713
0.01,0.010824681312067087
0.01,0.010001861768407474
0.01,0.009999999999999834
0.01,0.010974910706024396
0.01,0.009999999999999834
0.01,0.010051559587906036
0.01,0.009999999999999834
0.01,0.011676042268399515
0.0183210741807399,0.021113331230796274
0.01,0.009999999999999834
0.0163021273488895,0.018134891940043054
0.0112850413659233,0.015116777638008711
0.01,0.009999999999999834
0.01,0.010403146654903822
0.01,0.0102418701064941
0.0271776447474506,0.019082760564517083
0.01,0.010080463792911633
0.01,0.01148149823930873
0.01,0.009999999999999834
0.01,0.010292832749352507
0.01,0.011152966145001952
0.0208984632534683,0.015400560222772374
0.01,0.009999999999999834
0.01,0.009999999999999837
0.01,0.009999999999999834
0.0158367924232158,0.016058125239279325
0.01,0.01468057696669728
0.01,0.010148476365452136
0.01,0.010019535449008115
0.01,0.009999999999999844
0.01,0.013932771182453594
0.01,0.011380976902596106
0.01,0.010392520516489163
0.01,0.010007591678088795
0.0373734422178788,0.037559245381080374
0.0185658153803731,0.017680981386252785
0.01,0.009999999999999834
0.035890185155634,0.029723231510427037
0.01,0.010406816970715231
0.01,0.010011939359123275
0.01,0.010584914980197027
0.0308724265795928,0.02696128803506759
0.01,0.013735712119234694
0.0276384741437668,0.01690925247230943
0.0189614229278729,0.01511231376712301
0.01,0.014526338404268611
0.01,0.009999999999999834
0.01,0.009999999999999837
0.0221933996966228,0.018787033826365228
0.01,0.010258827809563094
0.0144482775758343,0.014375825230501292
0.0119803645435924,0.010215720988432826
0.01,0.009999999999999834
0.01,0.010306632652842238
0.01,0.009999999999999834
0.0106043673178412,0.012521547868465268
0.01,0.01074769509706153
0.0303674351734126,0.02548303501127007
0.0251768202294149,0.020337774657774088
0.0134750824880544,0.011935081100367933
0.0105382598004897,0.01233300624095136
0.01,0.010189903957610118
0.0167780742524593,0.022443546035111336
0.01,0.010008005982086312
0.01,0.012825417799395755
0.0167837384438166,0.013986130920719434
0.0228405253572836,0.026433209863516844
0.0161363740718612,0.014464956657194807
0.01,0.009999999999999834
0.0117384344414672,0.01211234478887753
0.0218231539065201,0.029631314284003396
0.01,0.010063916388232003
0.01,0.010008367225302697
0.0121575839411391,0.011910055379462218
0.01,0.009999999999999834
0.04339311279497,0.04039300074847298
0.0299799964302817,0.02881045301314269
0.01,0.009999999999999834
0.01,0.010148282420120268
0.01,0.010146651013741018
0.01,0.011056020820467097
0.0196139879644422,0.021039751630714934
0.0133644711225631,0.011867758278285378
0.01,0.009999999999999834
0.0160486343727545,0.014661906677246593
0.01,0.009999999999999834
0.01,0.009999999999999834
0.0195250769306171,0.019670712150820627
0.0139949482356671,0.016849217842787596
0.01,0.010000858776515123
0.01,0.009999999999999834
0.0347692000051964,0.026003450611461094
0.0303390418316614,0.0301112518364619
0.0200032664023744,0.02158774354482515
0.01,0.01012649770256969
0.01,0.014178348768140713
0.01,0.010858787292560913
0.01,0.010825440087101332
0.0128236185164477,0.011555903129128403
0.01,0.013987082819001809
0.0170087373292582,0.017049897366822768
0.01,0.01003670286298786
0.0115387076874087,0.015629782490274607
0.01,0.010277910414101341
0.0203777291222175,0.01631041813572405
0.01,0.01000071869447586
0.0114377668494551,0.016763841438312742
0.01,0.009999999999999844
0.01,0.009999999999999844
0.0667842624714991,0.05983293465701609
0.01,0.011207606438937178
0.01,0.009999999999999834
0.0215802155892796,0.018243101249044068
0.0186036964202489,0.022211113779545474
0.01,0.009999999999999834
0.01,0.009999999999999834
0.01,0.010312804784894755
0.01,0.009999999999999837
0.01,0.009999999999999844
0.01,0.010407540205546968
0.01,0.012706593198688792
0.01,0.010546824466555107
0.0215250304621416,0.01969493909649935
0.01,0.010022679739270601
0.01,0.010116753650861416
0.0103695913770589,0.012755998948664155
0.032598982099683,0.022506145365780314
0.01,0.009999999999999834
0.01,0.010136041072800712
0.0218802488591491,0.01784419170067479
0.01,0.009999999999999834
0.01,0.011223424633494565
0.0122160253201444,0.012806483006604509
0.01,0.010008523362986448
0.0114729517248583,0.014569418121329916
0.01,0.013847472091749241
0.0105535437879332,0.010805222860861574
0.0285441411481786,0.0254885634372145
0.01,0.010060812436261897
0.01,0.010092706884455939
0.01,0.0100022117672811
0.01,0.009999999999999834
0.01,0.010010157419200673
