Feature_Set,Feature_Count,R2,R2_std,RMSE,MAE
ALL_18,18,0.9578520331392848,0.002507227857576221,0.0018618307581364367,0.0010010100157226047
Base + Deviations,10,0.9578275095952197,0.0025938851381764895,0.0018626993374004433,0.0010011048748417232
Base + Flow + Biology + Interactions,15,0.9576567324664115,0.0025512090890188743,0.0018660900760999583,0.0010122473582690628
Base + Flow + Biology,12,0.9574484213628761,0.002729425212152643,0.0018709667122968053,0.0010118077988842712
Base + Flow + Biology + Deviations,15,0.9574403592258639,0.002884052351963652,0.0018711288185416727,0.0010029040140179927
Base + Biology,11,0.9557980478924846,0.0027402739084514335,0.0019070670886559844,0.0010310715343957056
Original_7,7,0.9186508133045,0.006053237940995792,0.002581959506863895,0.00149924128867237
Base + Flow,8,0.9164189347318459,0.006667405726427186,0.0026158596311560813,0.0015130321623296515
Base + Interactions,10,0.9140721527916005,0.006874899105532872,0.00265197261561832,0.0015343160048303674
