n_estimators,max_depth,min_samples_split,min_samples_leaf,max_features,bootstrap,criterion,R2,R2_std,RMSE,MAE
1000,20.0,2,1,0.8,True,poisson,0.9589736210904324,0.003375328979417958,0.0018359929070439665,0.0009874151847974715
1000,15.0,2,1,0.8,True,squared_error,0.9578730942125722,0.002660410931929937,0.0018617967758091374,0.0010007878980391335
1000,20.0,2,1,0.8,True,friedman_mse,0.95783371594376,0.0025017188270805833,0.0018625617589784018,0.0010016856797593649
1000,20.0,2,1,0.8,True,squared_error,0.9578275095952197,0.002593885138176513,0.0018626993374004429,0.0010011048748417232
1000,25.0,2,1,0.8,True,squared_error,0.9578066533897532,0.002610797963580286,0.0018631590664643465,0.0010010909325376045
1000,30.0,2,1,0.8,True,squared_error,0.9578066533897532,0.002610797963580286,0.0018631590664643463,0.0010010909325376045
1000,,2,1,0.8,True,squared_error,0.9578066533897532,0.002610797963580286,0.0018631590664643465,0.0010010909325376045
1000,30.0,2,1,1.0,True,squared_error,0.9576921443056925,0.0029028223371233832,0.001865456157810545,0.00099746680834165
1000,,2,1,1.0,True,squared_error,0.9576921443056925,0.0029028223371234153,0.001865456157810545,0.00099746680834165
1000,25.0,2,1,1.0,True,squared_error,0.9576916122679888,0.0029027688670646167,0.001865468081722,0.000997470552608661
1000,20.0,2,1,1.0,True,squared_error,0.9576892322454409,0.002908980688957282,0.0018655167342090477,0.0009974538972997457
1000,15.0,2,1,1.0,True,squared_error,0.9576079949288934,0.002760121416357846,0.001867255919138259,0.0009988910067515728
1000,15.0,2,2,0.8,True,squared_error,0.9573639496014534,0.0025787060845511543,0.0018729210672668614,0.0010010855852390572
1000,20.0,2,2,0.8,True,squared_error,0.9572898345353593,0.0026558360590991934,0.0018746097456098006,0.0010022620437047235
1000,30.0,2,2,0.8,True,squared_error,0.9572898345353593,0.0026558360590991934,0.001874609745609801,0.0010022620437047235
1000,,2,2,0.8,True,squared_error,0.9572898345353593,0.0026558360590991934,0.0018746097456098006,0.0010022620437047235
1000,25.0,2,2,0.8,True,squared_error,0.9572898345353593,0.0026558360590992333,0.0018746097456098006,0.0010022620437047237
1000,15.0,2,2,1.0,True,squared_error,0.9572471444753973,0.002784358577612592,0.0018751304480326288,0.0009977605522038312
1000,20.0,2,2,1.0,True,squared_error,0.9572404703491919,0.0027729243923109645,0.0018752752350001053,0.0009977698694909232
1000,25.0,2,2,1.0,True,squared_error,0.9572396313895819,0.0027730909177975122,0.001875294421910783,0.000997776134639669
1000,30.0,2,2,1.0,True,squared_error,0.9572396313895819,0.0027730909177975122,0.001875294421910783,0.000997776134639669
1000,,2,2,1.0,True,squared_error,0.9572396313895819,0.0027730909177975122,0.001875294421910783,0.000997776134639669
1000,15.0,5,2,0.8,True,squared_error,0.9566533387862141,0.0026394291186337886,0.0018885002492951553,0.0010090052428264507
1000,20.0,5,2,0.8,True,squared_error,0.9566513626999986,0.002732117063717454,0.0018885968393220858,0.0010091781142607926
1000,25.0,5,2,0.8,True,squared_error,0.9566513626999986,0.0027321170637174532,0.0018885968393220856,0.0010091781142607926
1000,30.0,5,2,0.8,True,squared_error,0.9566513626999986,0.002732117063717454,0.0018885968393220856,0.0010091781142607926
1000,,5,2,0.8,True,squared_error,0.9566513626999986,0.0027321170637174532,0.0018885968393220858,0.0010091781142607926
1000,15.0,5,2,1.0,True,squared_error,0.9566029932236063,0.0028484282685005222,0.0018891732770889666,0.001005296431070864
1000,25.0,5,2,1.0,True,squared_error,0.956597304567743,0.0028285890501271757,0.001889296717424309,0.0010052700306484802
1000,20.0,5,2,1.0,True,squared_error,0.956597304567743,0.0028285890501271666,0.0018892967174243091,0.0010052700306484804
1000,30.0,5,2,1.0,True,squared_error,0.956597304567743,0.0028285890501271757,0.001889296717424309,0.0010052700306484804
1000,,5,2,1.0,True,squared_error,0.956597304567743,0.0028285890501271757,0.001889296717424309,0.0010052700306484804
1000,15.0,5,1,1.0,True,squared_error,0.9565190959097999,0.002873601949197997,0.0018910671855195086,0.0010121174790694283
1000,20.0,5,1,1.0,True,squared_error,0.9564866575762769,0.00287588776123127,0.0018917854025993295,0.0010120890721644071
1000,25.0,5,1,1.0,True,squared_error,0.9564860070205563,0.0028771515828874884,0.0018918003403205895,0.0010120844624746197
1000,30.0,5,1,1.0,True,squared_error,0.9564860070205563,0.0028771515828874827,0.001891800340320589,0.0010120844624746197
1000,,5,1,1.0,True,squared_error,0.9564860070205563,0.0028771515828874884,0.0018918003403205895,0.0010120844624746197
1000,15.0,5,1,0.8,True,squared_error,0.9564194256510368,0.0024953195078549506,0.0018934939294370534,0.0010173696822629928
1000,20.0,5,1,0.8,True,squared_error,0.9563750271671771,0.0024869855559976,0.0018944430487270077,0.0010172586587101427
1000,25.0,5,1,0.8,True,squared_error,0.9563719759997765,0.0024973493025303366,0.0018945135986879196,0.0010172555975596705
1000,30.0,5,1,0.8,True,squared_error,0.9563719759997765,0.0024973493025303366,0.0018945135986879196,0.0010172555975596705
1000,,5,1,0.8,True,squared_error,0.9563719759997765,0.0024973493025303366,0.0018945135986879196,0.0010172555975596705
1000,15.0,2,1,0.6,True,squared_error,0.9552265540872351,0.003167094110674451,0.001919628618592839,0.0010372851148923836
1000,20.0,2,1,0.6,True,squared_error,0.9551911720253052,0.0034028442105397106,0.0019204366431481283,0.0010382735077040133
1000,25.0,2,1,0.6,True,squared_error,0.9551744846351395,0.003409306780336013,0.001920797679836096,0.0010385155827498022
1000,30.0,2,1,0.6,True,squared_error,0.9551744846351395,0.0034093067803360006,0.001920797679836096,0.0010385155827498022
1000,,2,1,0.6,True,squared_error,0.9551744846351395,0.003409306780336013,0.001920797679836096,0.0010385155827498022
1000,15.0,2,2,0.6,True,squared_error,0.9542797371274914,0.0035592762685598047,0.0019397493120964237,0.001041885773748101
1000,20.0,2,2,0.6,True,squared_error,0.9542698388735203,0.003384307666615702,0.0019398857143227242,0.0010421783410572544
1000,25.0,2,2,0.6,True,squared_error,0.9542688780631711,0.0033845448701653644,0.0019399069058505275,0.0010421755467028393
1000,30.0,2,2,0.6,True,squared_error,0.9542688780631711,0.0033845448701653644,0.0019399069058505275,0.0010421755467028393
1000,,2,2,0.6,True,squared_error,0.9542688780631711,0.0033845448701653644,0.0019399069058505275,0.0010421755467028393
1000,20.0,5,1,0.6,True,squared_error,0.9541648119225374,0.0034891834288767313,0.0019423958916540002,0.001050771036459287
1000,25.0,5,1,0.6,True,squared_error,0.9541625675669124,0.003487996360771281,0.001942443441259916,0.0010506908702094652
1000,30.0,5,1,0.6,True,squared_error,0.9541625675669124,0.0034879963607713184,0.001942443441259916,0.0010506908702094654
1000,,5,1,0.6,True,squared_error,0.9541625675669124,0.003487996360771281,0.0019424434412599156,0.0010506908702094656
1000,15.0,5,1,0.6,True,squared_error,0.9540482764511504,0.0035085255587924296,0.0019448158011495687,0.0010514218029855462
1000,15.0,5,2,0.6,True,squared_error,0.9534563576903453,0.00347532211328132,0.001957431842120049,0.0010518336025871298
1000,,5,2,0.6,True,squared_error,0.9534255481976267,0.003586285786888774,0.0019581294046101374,0.0010520887403918998
1000,25.0,5,2,0.6,True,squared_error,0.9534255481976267,0.003586285786888774,0.0019581294046101374,0.0010520887403919
1000,30.0,5,2,0.6,True,squared_error,0.9534255481976267,0.003586285786888774,0.0019581294046101374,0.0010520887403919
1000,20.0,5,2,0.6,True,squared_error,0.9534255481976267,0.003586285786888774,0.0019581294046101374,0.0010520887403919002
1000,20.0,2,4,1.0,True,squared_error,0.9520425179570274,0.002822016098536278,0.001985811077765948,0.001053973141665826
1000,20.0,5,4,1.0,True,squared_error,0.9520425179570274,0.002822016098536278,0.001985811077765948,0.001053973141665826
1000,25.0,2,4,1.0,True,squared_error,0.9520425179570274,0.002822016098536278,0.001985811077765948,0.001053973141665826
1000,25.0,5,4,1.0,True,squared_error,0.9520425179570274,0.002822016098536278,0.001985811077765948,0.001053973141665826
1000,30.0,2,4,1.0,True,squared_error,0.9520425179570274,0.002822016098536278,0.001985811077765948,0.001053973141665826
1000,30.0,5,4,1.0,True,squared_error,0.9520425179570274,0.002822016098536285,0.001985811077765948,0.001053973141665826
1000,,2,4,1.0,True,squared_error,0.9520425179570274,0.002822016098536278,0.001985811077765948,0.001053973141665826
1000,,5,4,1.0,True,squared_error,0.9520425179570274,0.002822016098536278,0.001985811077765948,0.001053973141665826
1000,15.0,2,4,1.0,True,squared_error,0.952042470624692,0.002821949504238481,0.0019858117141022752,0.0010539726552900842
1000,15.0,5,4,1.0,True,squared_error,0.952042470624692,0.002821949504238481,0.0019858117141022752,0.0010539726552900842
1000,20.0,2,4,0.8,True,squared_error,0.9517033507744177,0.0026716969062793323,0.0019931977739227834,0.001061521098953602
1000,20.0,5,4,0.8,True,squared_error,0.9517033507744177,0.002671696906279331,0.0019931977739227834,0.001061521098953602
1000,25.0,2,4,0.8,True,squared_error,0.9517033507744177,0.0026716969062793323,0.0019931977739227834,0.001061521098953602
1000,25.0,5,4,0.8,True,squared_error,0.9517033507744177,0.002671696906279331,0.0019931977739227834,0.001061521098953602
1000,30.0,2,4,0.8,True,squared_error,0.9517033507744177,0.0026716969062793084,0.0019931977739227834,0.001061521098953602
1000,30.0,5,4,0.8,True,squared_error,0.9517033507744177,0.002671696906279331,0.0019931977739227834,0.001061521098953602
1000,,2,4,0.8,True,squared_error,0.9517033507744177,0.0026716969062793323,0.0019931977739227834,0.001061521098953602
1000,,5,4,0.8,True,squared_error,0.9517033507744177,0.002671696906279331,0.0019931977739227834,0.001061521098953602
1000,15.0,2,4,0.8,True,squared_error,0.9516990668053275,0.0026755947750260302,0.001993289012696634,0.0010615864500436987
1000,15.0,5,4,0.8,True,squared_error,0.9516990668053275,0.0026755947750260302,0.001993289012696634,0.0010615864500436987
1000,15.0,10,1,1.0,True,squared_error,0.9510247747405502,0.0030581163125090543,0.002006695958975314,0.0010766392563428748
1000,20.0,10,1,1.0,True,squared_error,0.9510222534090589,0.0030627168131611778,0.002006750450250461,0.0010766361594803698
1000,25.0,10,1,1.0,True,squared_error,0.9510222534090589,0.0030627168131611778,0.002006750450250461,0.0010766361594803698
1000,30.0,10,1,1.0,True,squared_error,0.9510222534090589,0.0030627168131611778,0.002006750450250461,0.0010766361594803698
1000,,10,1,1.0,True,squared_error,0.9510222534090589,0.0030627168131611405,0.002006750450250461,0.0010766361594803698
1000,15.0,10,2,1.0,True,squared_error,0.9510123489811841,0.0030246641035436674,0.0020069246163349035,0.0010718907605380178
1000,20.0,10,2,1.0,True,squared_error,0.9510093211754592,0.003024470238629775,0.0020069864565831347,0.0010719225407289357
1000,25.0,10,2,1.0,True,squared_error,0.9510093211754592,0.003024470238629775,0.0020069864565831347,0.0010719225407289357
1000,30.0,10,2,1.0,True,squared_error,0.9510093211754592,0.003024470238629775,0.002006986456583135,0.0010719225407289357
1000,,10,2,1.0,True,squared_error,0.9510093211754592,0.003024470238629775,0.0020069864565831347,0.0010719225407289357
1000,20.0,10,1,0.8,True,squared_error,0.9508781346308147,0.0029048679037227904,0.0020100781678290005,0.001082708149292591
1000,25.0,10,1,0.8,True,squared_error,0.9508781346308147,0.0029048679037227904,0.0020100781678290005,0.001082708149292591
1000,30.0,10,1,0.8,True,squared_error,0.9508781346308147,0.0029048679037227904,0.0020100781678290005,0.0010827081492925912
1000,,10,1,0.8,True,squared_error,0.9508781346308147,0.0029048679037227904,0.002010078167829,0.0010827081492925915
1000,15.0,10,1,0.8,True,squared_error,0.9508774682968877,0.00286151702472496,0.0020100405153182627,0.001082298184970481
1000,25.0,10,2,0.8,True,squared_error,0.9506611747608543,0.0027705767731068553,0.002014454038200748,0.001080078010278692
1000,20.0,10,2,0.8,True,squared_error,0.9506611747608543,0.0027705767731068948,0.002014454038200748,0.0010800780102786921
1000,30.0,10,2,0.8,True,squared_error,0.9506611747608543,0.0027705767731068948,0.002014454038200748,0.0010800780102786921
1000,,10,2,0.8,True,squared_error,0.9506611747608543,0.0027705767731068948,0.002014454038200748,0.0010800780102786921
1000,15.0,10,2,0.8,True,squared_error,0.9506566491319542,0.002788470774145552,0.002014540717531292,0.0010800936971233888
1000,15.0,10,4,1.0,True,squared_error,0.9498418887466119,0.002894624512520007,0.002030773677038158,0.001079847771640602
1000,20.0,10,4,1.0,True,squared_error,0.9498417853542784,0.0028946585468215087,0.0020307758631295746,0.0010798502977881952
1000,25.0,10,4,1.0,True,squared_error,0.9498417853542784,0.0028946585468215156,0.002030775863129574,0.0010798502977881954
1000,30.0,10,4,1.0,True,squared_error,0.9498417853542784,0.0028946585468215156,0.002030775863129574,0.0010798502977881954
1000,,10,4,1.0,True,squared_error,0.9498417853542784,0.0028946585468215156,0.002030775863129574,0.0010798502977881954
1000,15.0,10,4,0.8,True,squared_error,0.9496958033594638,0.0025962332095873595,0.0020340947320431715,0.0010841038036351733
1000,20.0,10,4,0.8,True,squared_error,0.9496945400114974,0.0025918906719056218,0.0020341174119847317,0.0010841131511776687
1000,25.0,10,4,0.8,True,squared_error,0.9496945400114974,0.0025918906719056218,0.0020341174119847317,0.0010841131511776687
1000,30.0,10,4,0.8,True,squared_error,0.9496945400114974,0.0025918906719056144,0.002034117411984732,0.0010841131511776687
1000,,10,4,0.8,True,squared_error,0.9496945400114974,0.0025918906719056218,0.0020341174119847317,0.0010841131511776687
1000,30.0,5,4,0.6,True,squared_error,0.947632906049285,0.0036399022095962314,0.002075936163196634,0.0011095800311308273
1000,20.0,2,4,0.6,True,squared_error,0.947632906049285,0.0036399022095962635,0.002075936163196634,0.0011095800311308275
1000,20.0,5,4,0.6,True,squared_error,0.947632906049285,0.0036399022095962635,0.002075936163196634,0.0011095800311308275
1000,25.0,2,4,0.6,True,squared_error,0.947632906049285,0.0036399022095962635,0.002075936163196634,0.0011095800311308275
1000,25.0,5,4,0.6,True,squared_error,0.947632906049285,0.0036399022095962635,0.002075936163196634,0.0011095800311308275
1000,30.0,2,4,0.6,True,squared_error,0.947632906049285,0.0036399022095962635,0.002075936163196634,0.0011095800311308275
1000,,2,4,0.6,True,squared_error,0.947632906049285,0.0036399022095962635,0.002075936163196634,0.0011095800311308275
1000,,5,4,0.6,True,squared_error,0.947632906049285,0.0036399022095962635,0.002075936163196634,0.0011095800311308275
1000,15.0,2,4,0.6,True,squared_error,0.9476194422709081,0.003638865191957553,0.00207620420877384,0.0011096878296270071
1000,15.0,5,4,0.6,True,squared_error,0.9476194422709081,0.003638865191957553,0.00207620420877384,0.0011096878296270071
1000,20.0,10,1,0.6,True,squared_error,0.947359247612537,0.0036563922477980465,0.002081234432613695,0.0011246388320248356
1000,25.0,10,1,0.6,True,squared_error,0.947359247612537,0.0036563922477980465,0.002081234432613695,0.0011246388320248356
1000,30.0,10,1,0.6,True,squared_error,0.947359247612537,0.0036563922477980465,0.002081234432613695,0.0011246388320248356
1000,,10,1,0.6,True,squared_error,0.947359247612537,0.0036563922477980465,0.002081234432613694,0.0011246388320248356
1000,15.0,10,1,0.6,True,squared_error,0.9473315242839908,0.003671019753525679,0.002081785255000523,0.0011245127999069864
1000,15.0,10,2,0.6,True,squared_error,0.9471300427892604,0.0036888842400358505,0.002086001373301551,0.001122828257298938
1000,20.0,10,2,0.6,True,squared_error,0.9471194072203938,0.0037020099379650676,0.002086204574012296,0.00112300577392526
1000,25.0,10,2,0.6,True,squared_error,0.9471194072203938,0.0037020099379650676,0.002086204574012296,0.00112300577392526
1000,30.0,10,2,0.6,True,squared_error,0.9471194072203938,0.0037020099379650676,0.002086204574012296,0.00112300577392526
1000,,10,2,0.6,True,squared_error,0.9471194072203938,0.0037020099379650676,0.002086204574012296,0.00112300577392526
1000,20.0,10,4,0.6,True,squared_error,0.9450889372823423,0.0036710707312709277,0.0021256910930748,0.0011382565047883893
1000,25.0,10,4,0.6,True,squared_error,0.9450889372823423,0.0036710707312709277,0.0021256910930748003,0.0011382565047883893
1000,30.0,10,4,0.6,True,squared_error,0.9450889372823423,0.0036710707312709277,0.0021256910930748,0.0011382565047883893
1000,,10,4,0.6,True,squared_error,0.9450889372823423,0.0036710707312709277,0.0021256910930748003,0.0011382565047883893
1000,15.0,10,4,0.6,True,squared_error,0.9450764938685611,0.0036764598376744177,0.002125932361482814,0.0011383723039608967
1000,20.0,2,1,0.8,True,absolute_error,0.9391291962889131,0.0028249532477117745,0.002237006934915834,0.0012003402195243655
