n_estimators,max_depth,min_samples_split,min_samples_leaf,max_features,bootstrap,R2,R2_std,RMSE,MAE
1000,20.0,2,1,0.8,True,0.9186508133045,0.006053237940995792,0.002581959506863895,0.00149924128867237
1000,,2,1,1.0,True,0.9185724442852244,0.006659879555437093,0.0025816384694515374,0.001488693983453784
1000,25.0,2,1,1.0,True,0.9185536936164548,0.006678749825227643,0.0025819465585841758,0.0014887721322342645
1000,20.0,2,1,1.0,True,0.9185336682218501,0.006533555050370327,0.00258237963398984,0.0014894407290562193
1000,20.0,2,2,1.0,True,0.9184991681051852,0.006508337954002374,0.002583316301849449,0.0014821635779230468
1000,20.0,5,2,1.0,True,0.9177976002133745,0.006621523095041256,0.002594381117234806,0.0014887624186919288
500,15.0,2,1,1.0,True,0.9175060849382515,0.0067697425511081995,0.002598773619006479,0.0014942265487537835
1500,15.0,2,1,1.0,True,0.9174791765321478,0.007000819509776648,0.002599103052618528,0.0014942627350118278
1000,15.0,2,1,1.0,True,0.91723644151421,0.006910202732973395,0.0026029737400831083,0.0014964409632845042
1000,25.0,5,2,0.8,True,0.9161180365717639,0.005719761279640108,0.002621911602842372,0.001512179252632938
1000,30.0,5,2,0.8,True,0.9161180365717639,0.005719761279640109,0.0026219116028423717,0.001512179252632938
1000,20.0,2,1,0.7,True,0.9157856191505681,0.006232040672651269,0.002627857636880395,0.0015321300245550319
1000,20.0,2,4,1.0,True,0.9105122993910817,0.006834265236480026,0.002706966741430987,0.0015480491887382892
1000,20.0,2,1,sqrt,True,0.8759056272282526,0.011274623312238033,0.0031929595373145227,0.0018873240748592686
1000,25.0,2,1,1.0,False,0.7921919997397409,0.01912873821836297,0.004117559717319519,0.002108946599201846
